Party 1,Party 2,Type,Book-Page,Date,Description,Additional Description,Related
CAPITAL ONE,GREEN JENNIFER,REL JUDLIEN,217-1,07/10/2026,VOL 203 PG 553,,BK: 203 PG:553
IRELAND PHILIP L,IRELAND PHILIP L ESTATE,PRO CERT,217-2,07/10/2026,,,
NELSON DANA E CORSINI-NELSON LORI-JEAN,NELSON DANA E TRUSTEE CORSINI-NELSON LORI-JEAN TRUSTEE NELSON REVOCABLE LIVING TRUST AGREEMENT,WARRANTY DEED,217-3,07/10/2026,92 MOON ROAD,,
FRENETTE KERRI,MILLER KERRI,CHANGENAME,217-6,07/10/2026,524 WESTFORD HILL ROAD,,
TPA VII LLC,WILMINGTON TRUST TRUSTEE,MTG,217-7,07/10/2026,,,
CALIBER HOME LOANS INC MORTGAGE ELECTRONIC REGISTRATION SYSTEMS INC MERS,CYGANIEWICZ KERRY J JR CUTLER EMILY J,REL MTG,217-23,07/13/2026,VOL 212 PG 311,,BK: 212 PG:311
SECRETARY OF HOUSING AND URBAN DEVELOPMENT,QUENZER GERARD F,REL MTG,217-24,07/13/2026,VOL 207 PG 877,,BK: 207 PG:877
LAVALLEE BRUCE P,TIBBETTS MEGAN,WARRANTY DEED,217-25,07/13/2026,33 FERENCE ROAD,,
METSACK PAUL M JR,PNG PROPERTY MANAGEMENT LLC,DEED,217-27,07/13/2026,69 LAUREL LANE,,
METSACK STEPHEN A,PNG PROPERTY MANAGEMENT LLC,DEED,217-29,07/13/2026,69 LAUREL LANE,,
METSACK PAUL M JR METSACK BEATA T,CONNECTICUT STATE EMPLOYEES CREDIT UNION INC,MTG,217-31,07/14/2026,,,
MERCIER SHANNON J MERCIER TRACY J,PEREIRA JOSEPH JR,WARRANTY DEED,217-37,07/14/2026,214 JAMES ROAD,,
PEREIRA JOSEPH JR,MERS MORTGAGE ELECTRONIC REGISTRATION SYSTEMS INC PRIMELENDING,MORTGAGE,217-40,07/14/2026,,,
HOAR DILLON JOHN,HOAR DILLON JOHN MESSIER AMANDA,DEED,217-65,07/14/2026,11 TOWN LINE EXTENSION,,
HOAR DILLON JOHN MESSIER AMANDA,MERS MORTGAGE ELECTRONIC REGISTRATION SYSTEMS INC UNITED WHOLESALE MORTGAGE LLC,MTG,217-67,07/14/2026,,,
PROVINCE MORTGAGE ASSOCIATES INC MORTGAGE ELECTRONIC REGISTRATION SYSTEMS INC MERS,PAVLISCSAK MATTHEW J PAVLISCSAK CHRISSA L,REL MTG,217-90,07/14/2026,VOL 211 PG 837,,BK: 211 PG:837
GLOBAL ENTERPRISES LLC,DYNAMO CAPITAL LLC,MTG,217-91,07/15/2026,ASSIGMENT OF LEASES AND RENTS,,BK: 217 PG:719
DESAULNIERS DAVID,WARNICK ZACHARY T PHILLIPS SARAH NICOLE,WARRANTY DEED,217-115,07/15/2026,173 WESTFORD HILL ROAD,,
WARNICK ZACHARY T PHILLIPS SARAH NICOLE,MERS MORTGAGE ELECTRONIC REGISTRATION SYSTEMS INC PRIMELENDING,MTG,217-117,07/15/2026,,,
SECRETARY OF HOUSING AND URBAN DEVELOPMENT,CAMPBELL ROXANNE M CAMPBELL ANDREW C,REL MTG,217-136,07/17/2026,VOL 200 PG 485,,BK: 200 PG:485
KEYBANK,PILVER MICHAEL J PILVER PAMELA E,REL MTG,217-137,07/17/2026,VOL 192 PG 610,,BK: 192 PG:610
GROSS ROBERT H IV GROSS JESSICA D,JILEK MELISSA A,WARRANTY DEED,217-139,07/20/2026,"74 LAKE WOODS LANE, LOT 12 ON MAP ""LAKE WOODS LANE SUBDIVISION""",,
JILEK MELISSA A,MERS MORTGAGE ELECTRONIC REGISTRATION SYSTEMS INC ROCKET MORTGAGE LLC,MTG,217-142,07/20/2026,,,
SIMPSON MERRILL P SIMPSON MERRILL PAUL,SIMPSON MERRILL P ESTATE SIMPSON MERRILL PAUL ESTATE,PRO CERT,217-161,07/20/2026,,,
BAKER JANET INA ESTATE,BAKER WYATT,CERT DEVISE,217-162,07/20/2026,152 BEBBINGTON LANE,,BK: 113 PG:252
MOVEMENT MORTGAGE LLC MORTGAGE ELECTRONIC REGISTRATION SYSTEMS INC MERS,HOLDEN RYAN DAVID,REL,217-163,07/21/2026,VOL. 214 PG 953,,BK: 214 PG:953
TREMONTE ROBERT J,RENNA EUGENE RENNA BARBARA,WARRANTY DEED,217-164,07/21/2026,CIRCLE DRIVE MBL 55 360,,
TREMONTE ROBERT J,RENNA EUGENE RENNA BARBARA,WARRANTY DEED,217-167,07/21/2026,DEERFIELD DRIVE MBL 55 358,,
OBLON MARK REID SONDRA,BAKER JULIE,WARRANTY DEED,217-170,07/21/2026,"46 ASHFORD LAKE DRIVE, LOT 146 SECTION A ON MAP ""ASHFORD LAKE""",,
BAKER JULIE,MERS MORTGAGE ELECTRONIC REGISTRATION SYSTEMS INC PRIMARY RESIDENTIAL MORTGAGE INC,MTG,217-173,07/21/2026,,,
RICHARD MARILYN A,CASTILLO LEE ANN,WARRANTY DEED,217-191,07/21/2026,339 FERENCE ROAD,,
CASTILLO LEE ANN,MERS MORTGAGE ELECTRONIC REGISTRATION SYSTEMS INC CROSSCOUNTRY MORTGAGE LLC,MTG,217-193,07/21/2026,,,
CHARTER OAK FEDERAL CREDIT UNION,CARABINO JARRED M CARABINO LISA R,REL MTG,217-207,07/22/2026,VOL 178 PG 405,,BK: 178 PG:405
AVALLONE DAVID,AMERICAN EAGLE FINANCIAL CREDIT UNION INC,MORTGAGE,217-208,07/24/2026,,,
JPMORGAN CHASE BANK,FALLETTI WILLIAM A FALLETTI LINDA G,REL MTG,217-215,07/24/2026,VOL 176 PG 838,,BK: 176 PG:838
T2 FINANCIAL LLC MORTGAGE ELECTRONIC REGISTRATION SYSTEMS INC MERS REVOLUTION MORTGAGE,GROSS ROBERT H IV GROSS JESSICA D,REL MTG,217-216,07/27/2026,VOL 209 PG 510,,BK: 209 PG:510
HAYWARD MICHAEL A,CHARTER OAK FEDERAL CREDIT UNION,MORTGAGE,217-217,07/27/2026,,,
JEWETT CITY SAVINGS BANK,HOAR DILLON JOHN,REL MTG,217-223,07/27/2026,VOL 211 PG 403,,BK: 211 PG:403
SHINOSKI PHILIP A,SHINOSKI PHILIP A ESTATE,PRO CERT,217-224,07/27/2026,,,
MERS MORTGAGE ELECTRONIC REGISTRATION SYSTEMS INC,DESAULNIERS DAVID,REL MTG,217-225,07/27/2026,VOL 199 PG 865,,BK: 199 PG:865
ZAMBO ANN-MARIE,ZAMBO JOSEPH,PRO CERT,217-226,07/27/2026,,,
MERRALL STEPHANIE GILLIKIN BRYAN,JOSHUAS TRACT CONSERVATION AND HISTORIC TRUST INC,WARRANTY DEED,217-227,07/29/2026,93 UPTON ROAD & 90-94 UPTON ROAD,,
CONNECTICUT STATE OF,GOBIN ALVIN J ESTATE,PROBTAX CERT,217-230,07/29/2026,,,BK: 106 PG:135
LIEBLA KYLE C LIEBLA JANELLE M,DYKSHOORN SETH E DYKSHOORN LILLIAN,WARRANTY DEED,217-231,07/29/2026,318 JAMES ROAD,,
DYKSHOORN SETH E DYKSHOORN LILLIAN,MERS MORTGAGE ELECTRONIC REGISTRATION SYSTEMS INC NAVY FEDERAL CREDIT UNION,MTG,217-234,07/29/2026,,,
JANSEN JOSEPH,LEPRIE JUNIE,WARRANTY DEED,217-259,07/29/2026,348 FERENCE ROAD,,
LEPRIE JUNIE,JANSEN JOSEPH,MTG,217-261,07/29/2026,,,
ASHFORD TOWN OF,BAKER JANET INA,REL TOWN TAX LIEN,217-264,07/31/2026,,,BK: 113 PG:252
ASHFORD TOWN OF,BAKER JANET INA,REL TOWN TAX LIEN,217-264,07/31/2026,VOL 202 PG 908,,BK: 113 PG:252
ASHFORD TOWN OF,BAKER JANET INA,REL TOWN TAX LIEN,217-264,07/31/2026,VOL 206 PG 183,,BK: 113 PG:252
ASHFORD TOWN OF,BAKER JANET INA,REL TOWN TAX LIEN,217-264,07/31/2026,VOL 209 PG 56,,BK: 113 PG:252
ASHFORD TOWN OF,BAKER JANET INA,REL TOWN TAX LIEN,217-264,07/31/2026,VOL 211 PG 172,,BK: 113 PG:252
ASHFORD TOWN OF,BAKER JANET INA,REL TOWN TAX LIEN,217-264,07/31/2026,VOL 213 PG 742,,BK: 113 PG:252
ASHFORD TOWN OF,BAKER JANET INA ESTATE,REL TOWN TAX LIEN,217-264,07/31/2026,VOL 216 PG 388,,BK: 113 PG:252
ASHFORD TOWN OF,SEABURG STEPHANIE A,REL TOWN TAX LIEN,217-264,07/31/2026,VOL 216 PG 388,,BK: 182 PG:678
ASHFORD TOWN OF,PROVENCHER RICHARD J JR PROVENCHER MARY E,REL TOWN TAX LIEN,217-264,07/31/2026,VOL 216 PG 388,,BK: 107 PG:97
WELLS FARGO BANK GORDON NEIL,FREEDOM MORTGAGE CORPORATION,ASSIGNMENT OF MORTGAGE,217-265,07/31/2026,,,BK: 180 PG:12
EGGEN PETER,EGGEN MARIANNE W,DEED,217-266,08/03/2026,PURPOSE OF THIS RECISSION AND QC DEED IS TO RESCIND AND COMPLETELY UNWIND DEED VOL 216 PG 720,RESTORE PARTIES TO THEIR POSITIONS PRIOR TO SAID DEED,BK: 216 PG:720
EGGEN MARIANNE W,EGGEN PETER TRUSTEE EGGEN FAMILY IRREVOCABLE TRUST DATED JULY 28 2026,DEED,217-268,08/03/2026,72 SOUTH WORTH DRIVE,,
ROCKET MORTGAGE LLC MORTGAGE ELECTRONIC REGISTRATION SYSTEMS INC MERS,LAVALLEE BRUCE P,REL MTG,217-270,08/04/2026,VOL 205 PG 462,,BK: 205 PG:462
CONNECTICUT STATE OF,SZYCH ANDREW M ESTATE,PROBTAX CERT,217-271,08/04/2026,,,BK: 113 PG:724
CHARTER OAK FEDERAL CREDIT UNION,SHERMAN ANITA L,REL MTG,217-272,08/04/2026,VOL 206 PG 26,,BK: 206 PG:26
BAKER WYATT J,C NICKERSON LIVING TRUST DATED JANUARY 26 2012 NICKERSON JOHN S,DEED,217-273,08/05/2026,152 BEBBINGTON LANE,,
CONNECTICUT STATE OF,MALONEY NORMA ESTATE MALONEY NORMA J ESTATE,PROBTAX CERT,217-275,08/07/2026,,,BK: 92 PG:965
CAPITAL ONE BANK USA,CAMPBELL ROXANNE,REL JUDLIEN,217-276,08/10/2026,VOL 205 PG 688,,BK: 205 PG:688
BOWLEY JOAN E,BOWLEY SUSAN M,DEED,217-277,08/10/2026,LIFE USE,630 WESTFORD RD,
MORGAN HOWARD CLIFFORD JR MORGAN H CLIFFORD JR,UNITED WHOLESALE MORTGAGE LLC MERS MORTGAGE ELECTRONIC REGISTRATION SYSTEMS INC,MORTGAGE,217-279,08/12/2026,,,
MORTGAGE ELECTRONIC REGISTRATION SYSTEMS INC MERS KEYBANK,LIEBLA KYLE C LIEBLA JANELLE M,REL,217-293,08/14/2026,"VOL 205, PAGE 918",,BK: 205 PG:918
ROBINSON NEAL L,MANUFACTURERS AND TRADERS TRUST COMPANY,MORTGAGE,217-295,08/14/2026,,,
SUNNOVA TE MANAGEMENT LLC,LACROIX JOSHUA,UCCTERMNATN,217-306,08/17/2026,VOL 210 PG 975,,BK: 210 PG:975
CONNECTICUT STATE OF,KRUPA THOMAS G ESTATE,PROBTAX CERT,217-308,08/17/2026,,,BK: 215 PG:660
ONITY MORTGAGE CORPORATION SPECYALSKI HEATHER KUBASEK ANTHONY J KUBASEK CAROL L,WILMINGTON SAVINGS FUND SOCIETY FSB TRUSTEE ONITY LOAN ACQUISITION TRUST 2025-HB1,ASSIGNMENT OF MORTGAGE,217-309,08/17/2026,VOL 183 PG 346,,BK: 183 PG:346
HOLDEN RYAN,ULTRALIGHT 2 RESIDENTIAL SOLAR LLC,UCC,217-311,08/18/2026,,,
TOTAL MORTGAGE SERVICES LLC MORTGAGE ELECTRONIC REGISTRATION SYSTEMS INC MERS,LOMBARDI DUSTIN M,REL MTG,217-313,08/19/2026,VOL 206 PG 900,,BK: 206 PG:900
FREEDOM MORTGAGE CORPORATION,QUENZER GERARD F,REL MTG,217-314,08/19/2026,VOL 189 PG 43,,BK: 189 PG:43
HARTFORD FEDERAL CREDIT UNION,MERCIER TRACY J MERCIER SHANNON J,REL MTG,217-315,08/19/2026,VOL 203 PG 188,,BK: 203 PG:188
GALLY JOHN J ESTATE GALLY JOHN ESTATE GALLY JOHN JAMES ESTATE,GALLY SARAH C,CERT DEVISE,217-316,08/19/2026,100% TO SARAH GALLY & LIFE USE TO GEORGE GALLY,456 FERENCE ROAD,
MOZZICATO FLORETTE D,BOUNTY THOMAS M BOUNTY MARGARET H,WARRANTY DEED,217-317,08/19/2026,MBL 9 A 22 HOWEY ROAD 2.7 AC,,
BANKUNITED HANSEN ERIK,CARRINGTON MORTGAGE SERVICES LLC,ASSIGNMENT OF MORTGAGE,217-319,08/19/2026,,,BK: 167 PG:596
WILSON JAMES WILSON LYNN M WILSON LYNNE M,BOONE KAMERYN BOONE SHANNON,WARRANTY DEED,217-321,08/19/2026,362 TURNPIKE ROAD,,
BOONE KAMERYN BOONE SHANNON,MERS MORTGAGE ELECTRONIC REGISTRATION SYSTEMS INC GUARANTEED RATE INC,MTG,217-324,08/19/2026,,,
HARTFORD FEDERAL CREDIT UNION,MERCIER TRACY J MERCIER SHANNON J,REL MTG,217-345,08/21/2026,VOL 212 PAGE 678,,BK: 212 PG:678
MORTGAGE ELECTRONIC REGISTRATION SYSTEMS INC MERS CARRINGTON MORTGAGE SERVICES LLC,CAMPBELL ROXANNE M CAMPBELL ANDREW C,REL,217-346,08/21/2026,"VOL 196, PAGE 383",,BK: 196 PG:383
GROUS MATTHEW GROUS TESS,CITIZENS BANK,MORTGAGE,217-348,08/21/2026,,,
WILCOX SKYE WILCOX JOSEPH G,JEWETT CITY SAVINGS BANK,MORTGAGE,217-353,08/21/2026,,,
FLETCHER STEVEN C FLETCHER LOUISE K,FIRST COLONY MORTGAGE CORPORATION MERS MORTGAGE ELECTRONIC REGISTRATION SYSTEMS INC,MORTGAGE,217-359,08/25/2026,,,
CONNECTICUT STATE OF,POWERS PAULINE FRANCES ESTATE,PROBTAX CERT,217-375,08/25/2026,,,BK: 205 PG:18
POWERS ALEXANDER JOHN,TOCE KELLY TOCE DANIEL D,WARRANTY DEED,217-376,08/25/2026,102 KRAPF ROAD,,
TOCE KELLY TOCE DANIEL D,MERS MORTGAGE ELECTRONIC REGISTRATION SYSTEMS INC ROCKET MORTGAGE LLC,MTG,217-379,08/25/2026,,,
MERS MORTGAGE ELECTRONIC REGISTRATION SYSTEMS INC,LAMOT PETER L,REL MTG,217-400,08/25/2026,VOL 189 PG 109,,BK: 189 PG:109
MORGAN HOWARD MORGAN H CLIFFORD JR,MORTGAGEPROS LLC MERS MORTGAGE ELECTRONIC REGISTRATION SYSTEMS INC,MORTGAGE,217-401,08/25/2026,,,
CONNECTICUT STATE OF,BAER DAVID W ESTATE,PROBTAX CERT,217-423,08/28/2026,,,
BEAN DOROTHY E,CASTAGNA DOROTHY BEAN,CHANGENAME,217-424,08/28/2026,,,
CASTAGNA DOROTHY BEAN,CASTAGNA DOROTHY BEAN TRUSTEE DOROTHY BEAN CASTAGNA REVOCABLE TRUST AGREEMENT DATED AUGUST 24 2026,WARRANTY DEED,217-425,08/28/2026,89 ASHFORD CENTER ROAD & ASSESSOR MAP ID 35B11.1 ASHFORD CENTER ROAD,,
CONNECTICUT HOUSING FINANCE AUTHORITY,FLYNN KYLE T FLYNN BARBARA J,RELMTG,217-427,08/28/2026,"VOL 114, PG 906",,BK: 114 PG:906
STAFFORD SAVINGS BANK,GUERIN ROBERT R TRUSTEE GUERIN TONI M TRUSTEE ROBERT AND TONI GUERIN TRUST AGREEMENT DATED NOVEMBER 21 2010,REL MTG,217-428,08/28/2026,"VOL 211, PG 980",,BK: 211 PG:980
GUERIN ROBERT R TRUSTEE GUERIN TONI M TRUSTEE ROBERT AND TONI GUERIN TRUST AGREEMENT DATED NOVEMBER 20 2010,STAFFORD SAVINGS BANK,MORTGAGE,217-429,08/28/2026,,,
WRUBEL THEODORE JR,LONGHI JOHN R,WAR,217-434,08/28/2026,"21 WESTVIEW DRIVE, ASHFORD LAKE, LOTS 57,58,59,60,61,78,79",,
LONGHI JOHN R,MORTGAGE ELECTRONIC REGISTRATION SYSTEMS INC MERS UNITED WHOLESALE MORTGAGE LLC,MORTGAGE,217-436,08/28/2026,,,
DEAL KENNETH W DEAL CHRISTINE,TESLA INC,UCC,217-459,09/01/2026,,,
OHANLON TERRENCE P OHANLON JOYCE,TESLA INC,UCC,217-461,09/01/2026,,,
FUSCO JAMES E FUSCO NICOLE M,TESLA INC,UCC,217-463,09/01/2026,,,
PRATT DAVID L PRATT VIVIAN E,TESLA INC,UCC,217-465,09/01/2026,,,
ALBERS KLAUS DIETER ALBERS DEBORAH N,TESLA INC,UCC,217-467,09/01/2026,,,
LEPOER CHRISTOPHER,TESLA INC,UCC,217-469,09/01/2026,,,
BADEAU DAVID,SHEA JESSY D SHEA ELIZABETH M,WARRANTY DEED,217-471,09/01/2026,"483 NORTH ROAD, PARCEL B ON MAP ""PROPERTY SURVEY FOR DAVID BADEAU""",,
SHEA JESSY D SHEA ELIZABETH M,MERS MORTGAGE ELECTRONIC REGISTRATION SYSTEMS INC USAA FEDERAL SAVINGS BANK,MTG,217-473,09/01/2026,,,
MORTGAGE MARKETS CUSO LLC,MORGAN H CLIFFORD JR,REL MTG,217-490,09/01/2026,VOL 213 PG 467,,BK: 213 PG:467
WELLS FARGO BANK BROOKS VICTORIA,FREEDOM MORTGAGE CORPORATION,ASSIGNMENT OF MORTGAGE,217-491,09/01/2026,,,BK: 181 PG:552
HARTFORD FEDERAL CREDIT UNION,LIEBLA JANELLE M LIEBLA KYLE C,REL MTG,217-492,09/02/2026,VOL 211 PG 816,,BK: 211 PG:816
MERS NEWTOWN SAVINGS BANK MORTGAGE ELECTRONIC REGISTRATION SYSTEMS INC,BADEAU DAVID,REL MTG,217-493,09/02/2026,VOL 207 PG 455,,BK: 207 PG:455
ASHFORD TOWN OF,MINER SARA,REL TOWN TAX LIEN,217-494,09/02/2026,VOL 216 PG 389,,BK: 216 PG:389
LAKE CHAFFEE IMPROVEMENT ASSOCIATION INC,LITTELL JOSHUA,REL TAX LIEN,217-495,09/02/2026,VOL 216 PG 99,,BK: 216 PG:99
1ST AMERICAN HOME LOANS LLC MORTGAGE ELECTRONIC REGISTRATION SYSTEMS INC MERS,POWERS ALEXANDER JOHN POWERS PAULA,REL MTG,217-496,09/04/2026,VOL 205 PG 21,,BK: 205 PG:21
MORTGAGE ELECTRONIC REGISTRATION SYSTEMS INC WACHOVIA MORTGAGE MERS TROSELL ELIZABETH,WELLS FARGO BANK,ASSIGNMENT OF MORTGAGE,217-497,09/04/2026,VOL 165 PG 10,,BK: 165 PG:10
VALENTINE LAURA M,BADDELEY JOSEPH M,REL MTG,217-498,09/08/2026,VOL 173 PG 936,,BK: 173 PG:936
TITAN LAND DEVELOPMENT LLC,ABL RPC RESIDENTIAL CREDIT ACQUISITION LLC,MTG,217-499,09/08/2026,,,
GESSAY DENNIS F ESTATE,WALKER BRANDON,EXECDEED,217-515,09/09/2026,133 FITTS ROAD,,
WALKER BRANDON,MERS MORTGAGE ELECTRONIC REGISTRATION SYSTEMS INC GUILD MORTGAGE COMPANY LLC,MTG,217-518,09/09/2026,,,
ZULICK ROBERT A ZULICK KAREN M,AMERICAN EAGLE FINANCIAL CREDIT UNION INC,MORTGAGE,217-539,09/09/2026,,,
STAFFORD SAVINGS BANK,PEPPIN MICHAEL J PEPPIN VALERIE,REL MTG,217-546,09/09/2026,VOL 189 PG 342,,BK: 189 PG:342
LITTELL TRACIE L,LITTELL RICHARD M,DEED,217-547,09/09/2026,93 SLADE ROAD 2 TRACTS QUIT CLAIM DEED,,
LITTELL RICHARD M,LIBERTY BANK,MTG,217-549,09/09/2026,,,
GESSAY DENNIS F ESTATE,CONNECTICUT STATE OF,STATE TAX LIEN,217-573,09/11/2026,REAL ESTATE TAX LIEN,,BK: 213 PG:583
YAKOVLEFF NORD RUX MARGARET,MOSHER LAURA J MOSHER DANIEL K,WARRANTY DEED,217-574,09/11/2026,"177 JAMES ROAD, 26 ACRES",,
PENTAGON FEDERAL CREDIT UNION MORTGAGE ELECTRONIC REGISTRATION SYSTEMS INC MERS,FLETCHER STEVEN C FLETCHER LOUISE K,REL,217-576,09/11/2026,VOL 211 PG 222,,BK: 211 PG:222
CONNECTICUT STATE OF,GESSAY DENNIS F ESTATE,PROBTAX CERT,217-577,09/14/2026,,,BK: 68 PG:802
CONNECTICUT STATE OF,KRUKOFF BEVERLY L ESTATE,PROBTAX CERT,217-578,09/14/2026,,,BK: 189 PG:36
CONNECTICUT STATE OF,KRUKOFF JOHN W JR ESTATE,PROBTAX CERT,217-579,09/14/2026,,,BK: 189 PG:36
MELADY MARK,TRIBEAM CAPITAL LLC CONCERT FINANCE,UCC,217-580,09/14/2026,,,
KUBASEK CAROL L ET AL SPECYALSKI HEATHER KUBASEK ANTHONY J,WILMINGTON SAVINGS FUND SOCIETY ONITY LOAN ACQUISITION TRUST 2025-HB1 TRUSTEE,LIS PEND,217-583,09/14/2026,,,BK: 183 PG:346
LOMBARDI DUSTIN M,MERS MORTGAGE ELECTRONIC REGISTRATION SYSTEMS INC TOTAL MORTGAGE SERVICES LLC,MTG,217-585,09/15/2026,,,
MERS MORTGAGE ELECTRONIC REGISTRATION SYSTEMS INC GUARANTEED RATE INC,MARRARA NICHOLAS MARRARA TIFFANY,REL MTG,217-601,09/15/2026,VOL 202 PG 333,,BK: 202 PG:333
ROCKET MORTGAGE LLC,GESSAY DENNIS F DAVENPORT KAREN L,REL MTG,217-602,09/16/2026,VOL 183 PG 123,,BK: 183 PG:123
WELLS FARGO BANK STUDER-SWEETMAN HALLEY,WILMINGTON SAVINGS FUND SOCIETY OWNER TRUSTEE GNBE ASSET TRUST,ASSIGN,217-603,09/18/2026,"VOL 215, PAGE 953",,BK: 215 PG:953
SPAK ALLAN W JR,M&T BANK,MORTGAGE,217-604,09/18/2026,,,
GRADBROS LLC,150 KRAPF LLC,REL MTG,217-617,09/18/2026,"VOL 215, PAGE 262",,BK: 215 PG:262
LITTELL JOSHUA P,RICHMOND COREY,WAR,217-618,09/18/2026,286 FERENCE ROAD,,
RICHMOND COREY,MERS MORTGAGE ELECTRONIC REGISTRATION SYSTEMS INC HOMEBRIDGE FINANCIAL SERVICES INC,MORTGAGE,217-621,09/18/2026,,,
MORTGAGE ELECTRONIC REGISTRATION SYSTEMS INC MERS PROVIDENT FUNDING ASSOCIATES LP,REISER CHRISTOPHER J REISER VICTORIA L,REL MTG,217-641,09/18/2026,"VOL 178, PAGE 527",,BK: 178 PG:527
BORYSEVICZ PETER J TRUSTEE BORYSEVICZ POLLY A TRUSTEE,---------,AFFDAVIT,217-642,09/21/2026,TRUSTEE AFIDAVIT,,
BORYSEVICZ PETER J BORYSEVICZ POLLY A,BORYSEVICZ PETER J TRUSTEE BORYSEVICZ POLLY A TRUSTEE BORYSEVICZ FAMILY TRUST DATED SEPTEMBER 2026,WARRANTY DEED,217-644,09/21/2026,114 NAGY ROAD,,
MARRARA NICHOLAS MARRARA TIFFANY,SHAW COLLEEN,WARRANTY DEED,217-647,09/21/2026,102 PUMPKIN HILL ROAD 2 PARCELS,,
SHAW COLLEEN,MERS MORTGAGE ELECTRONIC REGISTRATION SYSTEMS INC SOFI BANK,MTG,217-651,09/21/2026,,,
BUSSOLOTTA PAUL JR DEVOLVE KATARINA,ROCKET MORTGAGE LLC MORTGAGE ELECTRONIC REGISTRATION SYSTEMS INC MERS,MTG,217-667,09/21/2026,,,
PANTALONE NICOLE M,EKBERG JESSICA LOUISE EKBERG NOLAN PAUL,WAR,217-689,09/21/2026,217 WESTFORD HILL ROAD,,
EKBERG NOLAN PAUL EKBERG JESSICA LOUISE,MERS MORTGAGE ELECTRONIC REGISTRATION SYSTEMS INC CMG MORTGAGE INC CMG HOME LOANS,MORTGAGE,217-691,09/21/2026,,,
MERS MORTGAGE ELECTRONIC REGISTRATION SYSTEMS INC KEYBANK,WILSON JAMES WILSON LYNN M,REL MTG,217-714,09/22/2026,VOL 199 PG 391,,BK: 199 PG:391
DYNAMO CAPITAL LLC GLOBAL ENTERPRISES LLC,DYNAMO CAPITAL REIT I LLC,ASSIGNMENT OF MORTGAGE,217-716,09/22/2026,,,BK: 217 PG:91
DYNAMO CAPITAL REIT I LLC GLOBAL ENTERPRISES LLC,DYNAMO HNB LOC LLC,ASSIGNMENT OF MORTGAGE,217-719,09/22/2026,,,BK: 217 PG:91
NORTHPOINTE BANK,CHARPENTIER CHRISTOPHER,REL LIS PEND,217-722,09/22/2026,VOL 216 PG 785,,BK: 216 PG:785
KRUKOFF GLENN JR,STAFFORD SAVINGS BANK,MTG,217-723,09/22/2026,,,
CHARPENTIER CHRISTOPHER,NORTHPOINTE BANK MORTGAGE ELECTRONIC REGISTRATION SYSTEMS INC MERS,LIS PEND,217-728,09/22/2026,,,BK: 212 PG:30
KRUKOFF MICHELLE KRUKOFF NICHOLAS,MERS CARDINAL FINANCIAL COMPANY MORTGAGE ELECTRONIC REGISTRATION SYSTEMS INC SEBONIC FINANCIAL,MTG,217-731,09/23/2026,,,
BOUNTY THOMAS M BOUNTY MARGARET H,BOUNTY THOMAS M BOUNTY MARGARET H,DEED,217-752,09/23/2026,QUIT CLAIM DEED 18 HOWEY ROAD & MBL 19 A INTENT OF DEED IS TO MERGE BOTH LOTS INTO ONE,"ONE LOT FOR ZONING, SUBDIVISION AND BUILDING PURPOSES",
